섬코드,섬이름,시군구,confidence,geom_source,area_km2,섬이름_c,cluster,bottleneck_type,Y_time_emergency,sea_leg_min,land_leg_emergency_min,dist_main_km,인구밀도(명/㎢),2024년 총인구,pop,cx,cy
461101001,고하도,목포시,medium,shp,2.894162671779049,고하도,0,육지지배형,13.3635,0.0,13.3635,1.3583434941395116,37.3,123,123,895878.7328252639,1641556.6207303707
461101002,율도,목포시,high,shp,1.4150668668185205,율도,0,혼합형,11.391109414549588,5.661109414549587,5.73,2.8305547072747936,69.5,174,174,892509.7872160344,1645959.4179652834
461101003,달리도,목포시,high,shp,3.9723233470876558,달리도,0,육지지배형,50.10495354558055,4.116453545580546,45.9885,2.058226772790273,53.5,213,213,891653.545267017,1642755.4428357347
461101004,외달도,목포시,high,shp,0.4812595940989243,외달도,0,육지지배형,51.56369214860658,4.397692148606572,47.166,2.198846074303286,157.9,76,76,889902.6395747677,1643443.5417066228
461101005,장좌도,목포시,high,shp,0.2816278339423997,장좌도,0,육지지배형,9.256793361106553,3.5267933611065514,5.73,1.7633966805532757,3.6,1,1,893700.2870650529,1644408.5977940105
461101006,우도,목포시,high,shp,0.048868346374306273,우도,0,혼합형,9.935184573819583,4.205184573819582,5.73,2.102592286909791,20.4,1,1,893186.415610389,1644846.870006169
461301001,야도,여수시,high,shp,0.05128198339277426,야도,0,육지지배형,6.500145016257929,1.0551450162579288,5.445,0.5275725081289644,77.5,4,4,1019356.2864325079,1636233.2447914165
461301002,대경도,여수시,high,shp,1.8415288327158381,대경도,0,육지지배형,11.374570201411716,4.035070201411717,7.339499999999999,2.0175351007058584,224.4,527,527,1020872.6388916859,1635011.1068063856
461301003,소경도,여수시,high,shp,0.4182143760445236,소경도,0,혼합형,9.717070776029498,3.9720707760294975,5.745,1.9860353880147488,206.0,86,86,1018901.3402705216,1634769.7392381392
461301004,묘도,여수시,high,shp,10.658633359066371,묘도,0,육지지배형,14.079,0.0,14.079,1.5032656043936032,94.0,1076,1076,1020246.3313100435,1654375.6693111123
461301005,돌산도,여수시,medium,buffer,70.13570851916258,돌산도,0,육지지배형,13.797,0.0,13.797,4.747381604558308,171.1,12020,12020,1024124.2861379897,1628044.0341839122
461301006,송도(돌산읍),여수시,high,shp,0.9392672439857009,송도(돌산읍),0,육지지배형,39.93218103613138,2.3526810361313766,37.5795,1.1763405180656883,146.0,137,137,1019571.8538431803,1623788.8055324578
461301007,금죽도,여수시,high,shp,0.10966145601061886,금죽도,0,해상지배형,17.166927283893017,10.47842728389302,6.6885,5.23921364194651,27.3,3,3,1018480.0999306482,1631515.8416523882
461301008,달천도,여수시,high,shp,0.5128366809688238,달천도,0,육지지배형,15.306,0.0,15.306,0.9028823892452856,164.1,85,85,1005848.8796971068,1641193.6190766047
461301009,송도(율촌면),여수시,high,shp,0.5401707599998358,송도(율촌면),0,육지지배형,22.46036874334656,3.1268687433465527,19.3335,1.5634343716732764,371.3,201,201,1011102.0577600299,1653939.1511879312
461301010,소늑도,여수시,high,shp,0.02393494976584568,소늑도,0,육지지배형,22.28251323961676,2.529013239616764,19.7535,1.2645066198083816,1791.7,43,43,1010048.7095396144,1652730.3265082962
461301011,대늑도,여수시,high,shp,0.06893084485669215,대늑도,0,육지지배형,21.005862563487817,2.7268625634878187,18.279,1.3634312817439094,884.1,61,61,1011055.7782927838,1652599.5268757916
461301012,운두도,여수시,high,shp,0.4959350039541887,운두도,0,육지지배형,25.287975243921466,3.2289752439214654,22.059,1.6144876219607327,34.3,17,17,1005680.7665178623,1638863.002481838
461301013,금오도,여수시,medium,buffer,27.41301468901825,금오도,0,육지지배형,54.31330998414237,13.018309984142364,41.295,6.509154992071181,48.8,1341,1341,1022992.9364750708,1614283.3823288511
461301015,안도,여수시,high,shp,1.5742298004254252,안도,1,육지지배형,61.664852275648784,23.107352275648783,38.5575,11.553676137824391,91.6,318,318,1028451.0939045037,1610217.6151800766
461301016,부도,여수시,high,shp,0.1748841149775888,부도,1,육지지배형,65.66236658324453,24.367366583244536,41.295,12.183683291622268,80.1,14,14,1026771.4885221598,1609436.3675110717
461301017,연도,여수시,medium,shp,2.70655473323768,연도,1,혼합형,75.52079444921532,34.225794449215314,41.295,17.112897224607657,57.9,399,399,1027590.2808333731,1604491.6897544458
461301018,대두라도,여수시,high,shp,1.0094727759709254,대두라도,0,육지지배형,45.27128809329549,3.9762880932954863,41.295,1.9881440466477431,129.7,131,131,1021301.3033941288,1619002.8046759937
461301019,소두라도,여수시,high,shp,0.18846551249178128,소두라도,0,육지지배형,44.75988856478645,3.46488856478645,41.295,1.732444282393225,63.7,12,12,1022788.6693340422,1619103.4282462767
461301020,나발도,여수시,high,shp,0.1221947747304715,나발도,0,육지지배형,43.20798805266014,1.9129880526601384,41.295,0.9564940263300692,294.6,36,36,1022015.959209331,1619822.581146025
461301021,화태도,여수시,high,shp,1.2496325804112893,화태도,0,육지지배형,41.988,0.0,41.988,0.3886359316491854,135.7,289,289,1021136.4818539243,1621290.8615217048
461301022,대횡간도,여수시,high,shp,0.34627910303967396,대횡간도,0,육지지배형,51.87963872814228,3.1701387281422777,48.7095,1.5850693640711389,288.8,100,100,1023843.7567195616,1620449.5508446782
461301023,소횡간도,여수시,high,shp,0.0778390332171505,소횡간도,0,육지지배형,54.29437225498196,5.58487225498196,48.7095,2.79243612749098,140.5,11,11,1024477.2260453979,1618970.9185158028
461301024,백야도,여수시,medium,shp,1.488008467092944,백야도,0,육지지배형,33.9675,0.0,33.9675,0.4195490838958956,122.4,369,369,1012553.6773565558,1624620.7814092818
461301025,월호도,여수시,high,shp,1.5156385680040974,월호도,0,육지지배형,45.0305638155488,3.0425638155487955,41.988,1.5212819077743978,83.0,126,126,1020000.2277855475,1619926.3156458745
461301026,자봉도,여수시,medium,buffer,0.4036508531042593,자봉도,0,육지지배형,49.37589147791792,7.387891477917916,41.988,3.693945738958958,86.6,35,35,1017139.9945177598,1622033.004176597
461301027,개도,여수시,medium,buffer,9.535065811247417,개도,0,육지지배형,45.45133039201485,10.39783039201485,35.0535,5.198915196007425,62.3,595,595,1015142.7184246363,1619430.173692028
461301028,제도,여수시,high,shp,1.07354812453245,제도,0,육지지배형,38.382062570151135,4.414562570151132,33.9675,2.207281285075566,64.3,69,69,1014107.0696141452,1622509.1804419158
461301029,상화도,여수시,high,shp,0.6534386591577037,상화도,0,육지지배형,39.97065033006402,5.713650330064016,34.257000000000005,2.856825165032008,102.5,67,67,1009264.8904076256,1622840.8582975978
461301030,하화도,여수시,high,shp,0.5781259443385031,하화도,0,육지지배형,39.44620413078946,4.392704130789459,35.0535,2.1963520653947297,91.7,53,53,1010886.885556303,1622027.8265451621
461301031,사도,여수시,high,shp,0.0676653967176909,사도,0,육지지배형,52.79539252998032,3.11989252998033,49.67549999999999,1.559946264990165,447.8,39,39,1005062.379494818,1621906.7370450222
461301032,낭도,여수시,medium,shp,2.5147171712988854,낭도,0,육지지배형,47.3625,0.0,47.3625,0.1080427038197034,47.4,249,249,1004275.4083390731,1623855.012580933
461301033,추도,여수시,high,shp,0.03433640215847524,추도,0,육지지배형,54.3062439043313,4.5362439043313,49.77,2.26812195216565,239.4,9,9,1006243.3593742404,1622042.881091059
461301034,조발도,여수시,high,shp,1.0160038895786605,조발도,0,육지지배형,43.1475,0.0,43.1475,1.646448444384522,33.6,34,34,1005446.4372075867,1626744.2582208877
461301035,둔병도,여수시,high,shp,0.7941838653222582,둔병도,0,육지지배형,44.409000000000006,0.0,44.409000000000006,0.6764963948165957,49.0,39,39,1003882.9357731611,1625988.82981232
461301036,적금도,여수시,high,shp,0.7117611733462383,적금도,0,육지지배형,44.409000000000006,0.0,44.409000000000006,1.9130489715832524,137.5,111,111,1001390.5897294431,1626199.8330950732
461301037,여자도,여수시,high,shp,0.46699632709912386,여자도,0,육지지배형,40.37800480508509,12.41800480508508,27.96,6.2090024025425405,391.9,183,183,999762.0921324486,1640561.2369290544
461301038,송여자도,여수시,high,shp,0.16994972809215902,송여자도,0,육지지배형,28.85447528891796,10.302475288917949,18.552000000000003,5.151237644458974,253.4,43,43,1001153.3483189597,1640424.9101968138
461301039,거문도,여수시,high,shp,0.4842579296367886,거문도,2,해상지배형,133.32257646432836,90.83357646432836,42.489,45.41678823216418,940.6,477,477,982978.9588178735,1559339.062194587
461301040,서도,여수시,medium,buffer,6.963601212544772,서도,2,해상지배형,134.29663343004114,91.80763343004112,42.489,45.90381671502056,86.5,603,603,981555.0341059929,1558851.4443428514
461301041,동도,여수시,medium,shp,1.5125646421318195,동도,2,해상지배형,128.4671174944757,85.9781174944757,42.489,42.98905874723785,66.9,234,234,983244.8355985758,1561772.4538380182
461301042,초도,여수시,medium,shp,2.4292943886577163,초도,1,혼합형,80.7504327009486,45.26193270094859,35.4885,22.630966350474296,47.3,355,355,976555.2351529693,1581861.6981765057
461301043,손죽도,여수시,medium,shp,2.030579746490083,손죽도,1,혼합형,77.97624501302364,35.48724501302364,42.489,17.74362250651182,71.5,190,190,986781.217648974,1587594.703259016
461301044,소거문도,여수시,high,shp,1.6448072404640746,소거문도,1,혼합형,78.83767789183477,36.34867789183477,42.489,18.174338945917384,12.8,21,21,990197.2510467876,1588405.343474994
461301045,평도,여수시,high,shp,0.47981856055622724,평도,1,혼합형,88.35184680654054,49.29034680654054,39.0615,24.64517340327027,103.2,50,50,995441.6067261242,1583544.7277050887
461301046,광도,여수시,high,shp,0.7034138569124131,광도,1,혼합형,93.32618801082567,54.264688010825694,39.0615,27.132344005412847,42.4,30,30,1003108.9357217129,1585772.173031231
462301001,태인도,광양시,high,shp,5.0366806478793915,태인도,0,육지지배형,13.741499999999998,0.0,13.741499999999998,0.8712055927160667,241.6,1475,1475,1023214.4761637835,1661062.8221441114
462301002,금호도,광양시,high,shp,21.055480239115425,금호도,0,육지지배형,3.3720000000000003,0.0,3.3720000000000003,3.3545266453813087,449.4,9729,9729,1022110.18742938,1658497.2373568022
467701001,상화도,고흥군,high,shp,0.059927075173384546,상화도,0,혼합형,9.895867335450738,4.206367335450737,5.689500000000001,2.1031836677253684,548.2,33,33,967741.5717684814,1612146.8332198563
467701002,하화도,고흥군,high,shp,0.06590637650213722,하화도,0,육지지배형,22.81259338511554,4.37609338511554,18.4365,2.18804669255777,558.1,37,37,967620.371298184,1611434.203454003
467701003,득량도,고흥군,high,shp,1.9248520181183122,득량도,0,혼합형,20.50701405483369,9.28701405483369,11.22,4.643507027416845,38.1,73,73,963130.7295700032,1623223.812418819
467701004,소록도,고흥군,high,shp,3.770804247018549,소록도,0,육지지배형,4.4430000000000005,0.0,4.4430000000000005,2.074361789039014,138.4,522,522,964999.005339852,1613316.3547760113
467701005,시산도,고흥군,medium,shp,2.1461119398709974,시산도,0,육지지배형,47.37828929949033,11.889789299490332,35.4885,5.944894649745166,53.3,191,191,977488.0788728766,1600081.0121295636
467701006,거금도,고흥군,high,shp,56.84176275221809,거금도,0,육지지배형,24.9015,0.0,24.9015,1.0488183312329111,60.9,3934,3934,969650.4219050452,1607280.6279404222
467701007,연흥도,고흥군,high,shp,0.41349911710048665,연흥도,0,육지지배형,27.89507303607728,4.253573036077284,23.6415,2.126786518038642,179.0,74,74,962292.024799995,1607298.395688925
467701008,죽도,고흥군,high,shp,0.2279468859030039,죽도,0,육지지배형,43.64273139452439,2.7977313945243942,40.845,1.3988656972621971,263.3,60,60,980932.0009434113,1605781.274359771
467701009,지죽도,고흥군,medium,shp,0.7353268256123816,지죽도,0,육지지배형,42.489,0.0,42.489,0.0602889298483593,158.5,195,195,982284.5168316462,1604700.569812914
467701010,첨도,고흥군,high,shp,0.5256704415714609,첨도,0,육지지배형,37.30649434892473,2.425494348924728,34.881,1.212747174462364,15.2,8,8,995205.3736587166,1619538.07417767
467701011,오도,고흥군,low,buffer,1.1157057342173256,오도,0,육지지배형,18.504,0.0,18.504,0.6065691153291072,115.4,129,129,990856.1583453142,1619727.6806792873
467701012,취도,고흥군,low,buffer,1.4341935455957207,취도,0,육지지배형,24.6885,0.0,24.6885,0.7056559965157875,133.0,191,191,992301.9908834393,1619189.6094289464
467701013,외나로도,고흥군,high,shp,26.59304858998166,외나로도,0,육지지배형,35.023500000000006,0.0,35.023500000000006,10.688997106367534,59.6,1586,1586,999756.202189955,1605677.343063563
467701014,사양도,고흥군,high,shp,0.9127737078507998,사양도,0,육지지배형,35.023500000000006,0.0,35.023500000000006,5.052337080702302,190.8,174,174,994708.211604627,1609092.5846987257
467701015,애도,고흥군,high,shp,0.17390139505907318,애도,0,육지지배형,48.64597975280544,11.99347975280544,36.6525,5.99673987640272,187.0,32,32,995183.8709673077,1607713.4796559284
467701016,수락도,고흥군,high,shp,0.46385771726305014,수락도,0,육지지배형,39.745667662074965,3.0931676620749697,36.6525,1.5465838310374849,47.4,22,22,991027.4052292508,1609378.129925557
467701017,우도,고흥군,high,shp,0.613680129609406,우도,0,육지지배형,20.9565,0.0,20.9565,1.987014482061606,125.4,77,77,982649.8569587287,1636571.9640075983
467701018,백일도,고흥군,low,buffer,2.477915044074934,백일도,0,육지지배형,35.103,0.0,35.103,0.9258613366102952,79.8,198,198,994324.2455796632,1633235.9298949302
467701019,옥금도,고흥군,low,buffer,0.2521944236807857,옥금도,0,육지지배형,28.8435,0.0,28.8435,0.9948135581410354,83.1,21,21,992242.3297567558,1634320.2543188573
467701020,원주도,고흥군,low,buffer,0.6887922917552592,원주도,0,육지지배형,37.1625,0.0,37.1625,0.4762079207108847,73.9,51,51,997351.5548609142,1630489.202272083
467701021,진지도,고흥군,high,shp,0.5758504053840444,진지도,0,육지지배형,34.21088905727761,3.931889057277609,30.279000000000003,1.9659445286388049,10.4,6,6,994779.0796931997,1635485.6590069793
467701022,대옥대도,고흥군,high,shp,0.1583138055783703,대옥대도,0,육지지배형,38.50057343354854,3.1560734335485345,35.344500000000004,1.5780367167742673,6.3,1,1,997098.4216926061,1619179.260080021
467701023,내나로도,고흥군,high,shp,20.579863607177995,내나로도,0,육지지배형,35.023500000000006,0.0,35.023500000000006,4.320813249371391,68.4,1408,1408,996954.3440972986,1612753.5473681835
467801001,장도,보성군,high,shp,1.6027091603801256,장도,0,육지지배형,22.818304503389413,7.818304503389413,15.0,3.909152251694707,96.0,217,217,995969.4986483785,1644032.7269496026
467801002,해도,보성군,high,shp,0.22004967766842481,해도,0,육지지배형,18.842166964415743,3.842166964415746,15.0,1.9210834822078733,133.0,29,29,994662.0880606316,1646064.3094132654
467801003,지주도,보성군,high,shp,0.46154600375490007,지주도,0,육지지배형,18.14133046441282,4.93533046441282,13.206,2.46766523220641,43.3,20,20,992971.1959329809,1643105.6930743218
468001001,장재도,장흥군,high,shp,0.44298244078209864,장재도,0,육지지배형,19.143,0.0,19.143,0.9625190116040352,15.8,7,7,955335.135533283,1624791.2535326418
468001002,노력도,장흥군,high,shp,0.9298906470531708,노력도,0,육지지배형,48.1005,0.0,48.1005,0.4666076911285046,162.6,152,152,950806.9631671009,1607213.1176254626
468101001,가우도,강진군,high,shp,0.3162323189562535,가우도,0,육지지배형,23.139,0.0,23.139,1.2406934428741312,129.6,41,41,934012.5827497805,1615840.104206617
468201001,상마도,해남군,low,buffer,0.37729324112818785,상마도,0,육지지배형,43.2572502894196,8.160250289419594,35.097,4.080125144709797,277.9,105,105,900705.4603656104,1607287.6991187877
468201002,중마도,해남군,none,buffer,0.11022274099113157,중마도,0,육지지배형,42.76173275895794,6.01173275895794,36.75,3.0058663794789697,416.7,46,46,901906.0288403828,1605276.8295449677
468201003,하마도,해남군,none,buffer,0.15704743802449855,하마도,0,육지지배형,42.3259450618586,5.575945061858598,36.75,2.787972530929299,381.4,60,60,902350.6956856528,1604830.0952002436
468201004,어불도,해남군,high,shp,0.6808428844460779,어불도,0,육지지배형,53.80499980325606,2.600999803256062,51.204,1.300499901628031,293.6,201,201,905409.8105162495,1594494.7824454382
468201005,임하도,해남군,low,buffer,0.3479404459729104,임하도,0,육지지배형,30.993,0.0,30.993,1.190328528501983,252.5,88,88,887073.9235167792,1624933.6467026132
468201006,금호도,해남군,low,buffer,5.352991377699836,금호도,0,육지지배형,29.709000000000003,0.0,29.709000000000003,1.3286228962552962,54.6,293,293,895731.7250829311,1632988.2163562677
468201007,시하도,해남군,high,shp,0.08974797774397793,시하도,1,육지지배형,61.22431413221642,3.952814132216428,57.2715,1.9764070661082136,11.1,1,1,884801.2714987273,1634579.6090400608
468401001,탄도,무안군,high,shp,0.500439907522689,탄도,0,육지지배형,44.14814970928576,5.440649709285761,38.7075,2.7203248546428807,86.0,43,43,891869.4665143123,1668898.8541961447
468701001,상낙월도,영광군,high,shp,0.822576773424025,상낙월도,1,육지지배형,94.8509253524948,14.303925352494796,80.547,7.151962676247398,223.4,184,184,876693.6128599382,1690839.440379395
468701002,하낙월도,영광군,high,shp,0.5625473280062036,하낙월도,1,육지지배형,92.84553371815636,12.298533718156351,80.547,6.1492668590781765,152.9,86,86,874916.1177100244,1689842.4644628116
468701003,소각시도,영광군,medium,buffer,0.08196817966821261,소각시도,1,육지지배형,59.48940117063782,13.430401170637822,46.059,6.715200585318911,12.2,1,1,883619.1878519664,1689398.9930117463
468701005,송이도,영광군,high,shp,3.2947541035245203,송이도,1,혼합형,65.0580023709368,31.003502370936808,34.0545,15.501751185468402,36.1,119,119,876682.0142469041,1699548.8754385968
468701006,안마도,영광군,high,shp,4.257881073935127,안마도,1,육지지배형,130.54457764714618,49.99757764714617,80.547,24.998788823573086,44.0,187,187,865978.4994036569,1706759.9373910767
468701007,대석만도,영광군,high,shp,0.39833635940545,대석만도,1,육지지배형,134.1039683023928,53.556968302392775,80.547,26.778484151196388,29.6,12,12,868108.3414529309,1709415.0008393899
468701008,죽도,영광군,high,shp,0.1741915138981711,죽도,1,육지지배형,133.6764238041958,53.12942380419578,80.547,26.56471190209789,24.2,4,4,863915.5752925253,1707532.9836287329
468701009,횡도,영광군,high,shp,0.18148268975747814,횡도,1,육지지배형,127.17928273982514,50.730282739825135,76.44900000000001,25.365141369912568,12.6,3,3,862889.2896633474,1705619.9976117304
468701010,대각이도,영광군,medium,shp,0.6418031220813054,대각이도,1,육지지배형,105.2576719234991,24.710671923499103,80.547,12.355335961749551,43.7,28,28,872347.7549595173,1695627.6704539321
468901001,완도,완도군,high,shp,87.38716883927108,완도,0,육지지배형,12.441,0.0,12.441,3.156235136172828,215.7,19394,19394,926306.2956706743,1594763.2684674512
468901002,평일도,완도군,high,shp,19.923978254083234,평일도,1,육지지배형,75.69839107046796,21.82589107046796,53.8725,10.91294553523398,155.1,3106,3106,958040.4850018144,1595283.1805585853
468901003,충도,완도군,high,shp,2.1565935505549523,충도,0,육지지배형,36.52274068867768,14.40824068867768,22.1145,7.204120344338841,57.2,124,124,961614.3580837455,1598851.2021668619
468901004,우도,완도군,high,shp,0.08090687091210379,우도,0,혼합형,52.38900408061848,30.274504080618485,22.1145,15.13725204030924,99.0,8,8,959784.1386195372,1590837.9585494814
468901005,다랑도,완도군,high,shp,0.3714822517769818,다랑도,0,혼합형,51.235373998824514,29.12087399882451,22.1145,14.560436999412255,50.5,19,19,963160.9313477094,1590421.5999104024
468901006,황제도,완도군,high,shp,0.19197639048125484,황제도,1,혼합형,97.992924781497,51.686424781497,46.3065,25.8432123907485,81.0,17,17,960763.8343054318,1577721.6566887414
468901007,신도,완도군,high,shp,1.2715305693048122,신도,0,혼합형,40.342577765751415,16.701077765751418,23.6415,8.350538882875709,24.4,31,31,957982.7660086713,1599710.9179734266
468901008,원도,완도군,high,shp,0.36857693421155013,원도,1,혼합형,82.34044206485547,46.96744206485547,35.373000000000005,23.48372103242773,21.7,8,8,972110.6353750768,1580766.6925023282
468901009,장도(금일읍),완도군,high,shp,0.9554303585772761,장도(금일읍),1,해상지배형,81.83203044886493,50.03803044886492,31.794000000000004,25.01901522443246,9.4,9,9,969165.2243415996,1579281.2273246576
468901010,소랑도,완도군,high,shp,0.7753757108351854,소랑도,0,혼합형,47.77435045653328,25.65985045653328,22.1145,12.82992522826664,129.8,101,101,961807.0049655426,1592540.9962928519
468901011,섭도,완도군,high,shp,0.3677930625948714,섭도,0,혼합형,51.68322489548933,29.56872489548933,22.1145,14.784362447744664,8.2,3,3,965654.2967255065,1589965.9473124067
468901012,노화도,완도군,high,shp,25.032204704982796,노화도,1,육지지배형,82.74515286272043,22.84415286272043,59.901,11.422076431360216,152.9,3847,3847,915688.5304313488,1579205.7869023439
468901013,장사도,완도군,high,shp,0.27888169547721714,장사도,1,육지지배형,87.26286636492733,27.361866364927337,59.901,13.680933182463669,21.5,6,6,913518.7327301671,1575965.2975538867
468901014,노록도,완도군,high,shp,0.37640644335903,노록도,1,육지지배형,80.45645161729041,20.55545161729041,59.901,10.277725808645206,66.4,26,26,911766.2199291075,1579084.7294711715
468901015,마삭도,완도군,high,shp,0.1608919237690482,마삭도,1,육지지배형,72.8361691511781,12.935169151178094,59.901,6.467584575589047,103.0,17,17,913892.6772469612,1583905.7926016229
468901016,넙도(노화읍),완도군,high,shp,1.4809434969492226,넙도(노화읍),1,육지지배형,82.6929566060381,22.7919566060381,59.901,11.39597830301905,179.5,465,465,908131.4486589719,1578052.6761367589
468901017,대정원도,완도군,high,shp,0.0872833091173889,대정원도,1,육지지배형,78.83561946420554,18.511619464205527,60.324000000000005,9.255809732102763,34.4,3,3,901149.4612506195,1586329.3645301943
468901018,마안도,완도군,high,shp,0.09298636094167556,마안도,1,육지지배형,78.56185810788214,18.660858107882152,59.901,9.330429053941076,176.1,24,24,909039.52904032,1579998.423572904
468901019,어룡도,완도군,high,shp,0.3345274213024019,어룡도,1,육지지배형,69.15635010859027,8.832350108590267,60.324000000000005,4.416175054295134,94.3,32,32,905522.8086732525,1588471.9328666893
468901020,대장구도,완도군,high,shp,0.1768018821288668,대장구도,1,육지지배형,75.05742251380808,14.733422513808078,60.324000000000005,7.366711256904039,22.6,4,4,903471.320144676,1585896.869582152
468901021,후장구도,완도군,high,shp,0.11233085070308986,후장구도,1,육지지배형,81.81536100460374,21.914361004603748,59.901,10.957180502301874,115.8,13,13,907099.683181742,1578755.462920899
468901022,서넙도,완도군,high,shp,1.0491256205174055,서넙도,1,육지지배형,84.83151696669037,24.93051696669038,59.901,12.46525848334519,152.6,161,161,906000.0327449605,1577531.6192506088
468901023,죽굴도,완도군,high,shp,0.21472342993289015,죽굴도,1,육지지배형,83.81156500245108,23.48756500245107,60.324000000000005,11.743782501225535,14.0,3,3,900554.4847841145,1582445.2804742064
468901024,사후도,완도군,high,shp,0.692585291356926,사후도,0,육지지배형,20.778960555807945,4.568460555807945,16.2105,2.2842302779039727,81.9,57,57,930040.9313842861,1600634.4638822642
468901025,고마도,완도군,high,shp,1.2568472297690432,고마도,0,육지지배형,23.332887870868017,4.642887870868016,18.69,2.321443935434008,68.9,87,87,927905.8634535574,1602377.0274025155
468901026,토도,완도군,high,shp,0.10901480998418707,토도,0,육지지배형,35.0895,0.0,35.0895,1.055381311349065,312.5,34,34,925301.25320429,1603343.254559217
468901027,달도,완도군,high,shp,0.8076198185147885,달도,0,육지지배형,29.3235,0.0,29.3235,1.3430886186166968,146.5,167,167,920516.7121351768,1600647.2581719956
468901028,흑일도,완도군,high,shp,1.9286705465622702,흑일도,1,육지지배형,62.98533952858101,6.448839528581005,56.5365,3.2244197642905026,38.3,74,74,913132.7003226364,1587648.754611972
468901029,백일도,완도군,high,shp,1.0079418929487534,백일도,0,육지지배형,52.90713916832668,4.911639168326678,47.9955,2.455819584163339,101.2,102,102,915798.8226305553,1589485.8640849506
468901030,서화도,완도군,high,shp,0.10867355985450629,서화도,0,육지지배형,57.54277188028857,3.031271880288568,54.5115,1.515635940144284,333.3,37,37,908236.8719554647,1591837.1540239912
468901031,동화도,완도군,high,shp,0.38943988079640135,동화도,0,육지지배형,53.259076328933176,6.528076328933175,46.731,3.2640381644665872,41.1,16,16,918024.3373042009,1588579.1409873005
468901032,양도,완도군,high,shp,0.07019227082790853,양도,1,육지지배형,62.29788253863235,1.9738825386323435,60.324000000000005,0.9869412693161717,42.7,3,3,908830.9165304981,1590109.6368239874
468901033,신지도,완도군,high,shp,30.739558690294796,신지도,0,육지지배형,34.065,0.0,34.065,5.556629806055384,101.4,3129,3129,939191.429269414,1593273.7014569845
468901034,모황도,완도군,high,shp,0.13127471278960726,모황도,1,육지지배형,69.88711056551038,23.580610565510387,46.3065,11.790305282755194,15.2,2,2,944553.0125340228,1588272.3017434275
468901035,고금도,완도군,high,shp,42.147585719643146,고금도,0,육지지배형,31.701,0.0,31.701,2.495067871307052,84.6,3820,3820,936016.2742948572,1601361.6803302267
468901036,넙도(고금면),완도군,high,shp,0.12920874133025118,넙도(고금면),0,육지지배형,54.15108091045747,2.6020809104574742,51.549,1.3010404552287371,214.0,29,29,940699.7327034617,1603982.1166286708
468901037,초완도,완도군,high,shp,0.4130711592671889,초완도,1,육지지배형,55.32674014894843,1.839740148948432,53.487,0.919870074474216,21.8,9,9,942460.4621944036,1603277.992576915
468901038,조약도,완도군,high,shp,27.749858039607343,조약도,0,육지지배형,46.3065,0.0,46.3065,2.271643357525561,76.3,2172,2172,945235.6085562134,1598699.9568318448
468901039,청산도,완도군,high,shp,32.33774795181974,청산도,0,해상지배형,46.32703132852944,41.64103132852944,4.686,20.82051566426472,55.6,1810,1810,943563.8772473506,1576644.00708284
468901040,장도(청산면),완도군,high,shp,0.14918750854214696,장도(청산면),0,해상지배형,37.762626065967225,33.076626065967226,4.686,16.538313032983613,127.5,19,19,940047.0011441363,1579159.2035656646
468901041,대모도,완도군,medium,shp,1.9504680627043138,대모도,0,해상지배형,30.59425388756386,25.90825388756386,4.686,12.95412694378193,46.3,190,190,931847.1053568599,1578305.3128634237
468901042,소모도,완도군,high,shp,0.36630081408844567,소모도,0,해상지배형,25.464502627115635,20.778502627115635,4.686,10.389251313557818,71.0,26,26,933111.6186487316,1581568.4311269496
468901043,여서도,완도군,high,shp,3.9459523863232677,여서도,1,해상지배형,86.7515916393674,82.06559163936741,4.686,41.032795819683706,23.8,97,97,946723.2139489579,1554110.8037864382
468901044,소안도,완도군,high,shp,22.902876578638228,소안도,0,해상지배형,40.39962175975331,35.71362175975331,4.686,17.856810879876654,90.0,2074,2074,922187.4725782137,1573953.8261482036
468901045,당사도,완도군,high,shp,1.3931939237416986,당사도,1,혼합형,103.56124470157368,43.66024470157369,59.901,21.830122350786844,21.8,31,31,916472.1680492162,1568325.4004430757
468901046,횡간도,완도군,high,shp,3.291998291099874,횡간도,1,육지지배형,63.34970684535544,16.61870684535544,46.731,8.30935342267772,30.3,100,100,917875.9823621854,1583464.2592132508
468901047,구도,완도군,high,shp,0.26717704810910625,구도,1,육지지배형,71.84296771982162,25.111967719821617,46.731,12.555983859910809,209.5,58,58,920305.7438105235,1579571.5288129097
468901048,금당도,완도군,high,shp,12.772200866546438,금당도,0,육지지배형,33.5361619996411,9.894661999641103,23.6415,4.947330999820553,63.0,813,813,958882.6462419772,1604864.0251606016
468901049,비견도,완도군,high,shp,0.6562015301724855,비견도,0,육지지배형,31.041887072985627,7.40038707298563,23.6415,3.700193536492815,50.8,35,35,961492.0237144878,1602818.622286097
468901050,허우도,완도군,high,shp,0.12311635801645122,허우도,0,육지지배형,27.925356975272805,5.810856975272807,22.1145,2.9054284876364034,81.6,10,10,964839.6614515914,1601990.8699878312
468901051,보길도,완도군,high,shp,32.33364897478485,보길도,1,육지지배형,91.23044213818284,31.329442138182845,59.901,15.664721069091424,73.4,2427,2427,912147.940739185,1573700.681457923
468901052,예작도,완도군,high,shp,0.2926588525449425,예작도,1,육지지배형,96.57563983478109,36.67463983478109,59.901,18.337319917390545,147.1,43,43,914148.5770662446,1571331.8974606327
468901053,생일도,완도군,high,shp,13.78792455922801,생일도,1,육지지배형,64.43069575311418,18.124195753114183,46.3065,9.062097876557091,45.5,631,631,952457.1125545746,1592333.289356575
468901054,덕우도,완도군,high,shp,0.7421232219538503,덕우도,1,혼합형,81.43904343209795,35.13254343209795,46.3065,17.566271716048973,144.3,108,108,955316.0711555533,1584145.1162094807
469001001,진도,진도군,high,shp,363.0022972210304,진도,0,육지지배형,10.038,0.0,10.038,2.198261976412142,67.4,25242,25242,884594.771204364,1607988.9497188972
469001002,저도,진도군,high,shp,0.1664053086907045,저도,0,육지지배형,24.97031761120896,8.641317611208958,16.329,4.320658805604479,210.7,35,35,877512.4891476993,1613611.2263097635
469001003,금호도,진도군,high,shp,0.5667377468536023,금호도,0,육지지배형,37.72306139398047,6.304061393980461,31.419000000000004,3.1520306969902303,105.9,60,60,896058.4777505132,1602703.4181052048
469001004,모도(의신면),진도군,high,shp,0.23458237141301733,모도(의신면),0,육지지배형,31.89463157137353,5.289131571373533,26.6055,2.6445657856867664,313.2,73,73,894749.0134034605,1602115.2515265227
469001005,접도,진도군,high,buffer,4.437563558725153,접도,0,육지지배형,31.3335,0.0,31.3335,1.1975360873358485,67.3,299,299,889134.2430791468,1599057.5932500043
469001006,상구자도,진도군,high,shp,0.05691895482014675,상구자도,0,육지지배형,41.28177715662077,9.948277156620772,31.3335,4.974138578310386,387.3,22,22,889590.6488853447,1593459.93578723
469001007,하구자도,진도군,high,shp,0.13720752321370433,하구자도,0,육지지배형,42.34881407968908,11.01531407968908,31.3335,5.50765703984454,135.6,19,19,889365.3701705374,1592856.4635487257
469001008,죽도(임회면),진도군,high,shp,0.04348843244180071,죽도(임회면),0,육지지배형,33.659435185073086,5.687435185073084,27.972,2.843717592536542,137.9,6,6,881713.878398801,1595693.3251640513
469001009,장도,진도군,high,shp,0.24935629279021357,장도,0,육지지배형,39.64430936844103,4.073309368441032,35.571,2.036654684220516,12.0,3,3,871091.0191699866,1607924.7315421938
469001010,관매도,진도군,high,shp,4.041212817533166,관매도,1,혼합형,67.15741087818984,39.18541087818984,27.972,19.59270543909492,44.5,180,180,866277.7275722835,1583524.2493324068
469001011,동거차도,진도군,high,shp,2.6490916067017936,동거차도,1,해상지배형,83.57688939701751,52.23438939701751,31.3425,26.117194698508754,43.7,114,114,856344.9892506988,1583841.4694313782
469001012,서거차도,진도군,high,shp,2.1396732817654986,서거차도,1,해상지배형,85.6840669987973,54.34156699879731,31.3425,27.170783499398656,46.0,98,98,853657.7971175675,1585655.5028275135
469001013,상하죽도,진도군,high,shp,0.14776936157149229,상하죽도,1,해상지배형,84.14431154473542,52.801811544735415,31.3425,26.400905772367707,41.4,11,11,855015.2059765225,1585062.7010488764
469001014,하조도,진도군,high,shp,16.89754383716501,하조도,0,혼합형,59.487226984542446,28.144726984542444,31.3425,14.072363492271222,62.0,1048,1048,867081.505961044,1590074.3205688708
469001015,대마도,진도군,high,shp,1.9319938349602876,대마도,1,혼합형,72.11575211761831,40.77325211761832,31.3425,20.38662605880916,34.7,86,86,861046.9757566793,1587167.563697233
469001016,소마도,진도군,high,shp,0.6931501656557921,소마도,1,혼합형,69.853163138132,38.51066313813201,31.3425,19.255331569066005,43.3,30,30,859867.5064102936,1590631.615859343
469001017,관사도,진도군,high,shp,0.9584230896420138,관사도,1,혼합형,68.74865672820275,37.40615672820274,31.3425,18.70307836410137,76.3,73,73,859560.5103025517,1592308.0764080405
469001018,나배도,진도군,high,shp,0.9433490319508365,나배도,1,혼합형,63.32207665723482,31.97957665723481,31.3425,15.989788328617406,57.2,54,54,862794.4541050842,1592111.6196272795
469001019,상조도,진도군,high,shp,6.677278970128557,상조도,0,혼합형,58.86486173417577,27.522361734175767,31.3425,13.761180867087884,43.5,299,299,864268.4834450796,1593981.4432926306
469001020,성남도,진도군,high,shp,0.9153965024462942,성남도,0,육지지배형,50.56273788604869,14.991737886048693,35.571,7.495868943024346,30.6,28,28,866342.2866959057,1601636.2190420844
469001021,소성남도,진도군,high,shp,0.26139741624484186,소성남도,0,육지지배형,52.2192089536896,16.648208953689597,35.571,8.324104476844798,19.1,5,5,865560.6142613667,1601295.9275559196
469001022,죽항도,진도군,high,shp,0.48610906021205164,죽항도,0,혼합형,55.570054559352926,27.598054559352928,27.972,13.799027279676464,94.6,46,46,871498.7429701709,1586689.7146830224
469001023,독거도,진도군,high,shp,0.9708549508453979,독거도,0,혼합형,53.5539507616442,25.5819507616442,27.972,12.7909753808221,30.9,30,30,878481.47370656,1585022.0821720264
469001024,슬도,진도군,high,shp,0.2097612075360615,슬도,0,혼합형,52.32169695900693,24.349696959006927,27.972,12.174848479503463,157.4,33,33,875743.554844735,1586253.2468619735
469001025,탄항도,진도군,high,shp,0.195153856841673,탄항도,0,혼합형,56.40229084722687,28.43029084722687,27.972,14.215145423613436,5.1,1,1,877991.1222930024,1583644.0895853438
469001026,혈도(독거도리),진도군,high,shp,0.10127591878666713,혈도(독거도리),0,혼합형,60.16058171446831,32.188581714468306,27.972,16.094290857234153,119.0,12,12,876835.2520799414,1581921.8465145247
469001027,청등도,진도군,high,shp,0.40663319552789084,청등도,0,혼합형,61.439057210763295,33.46705721076329,27.972,16.733528605381647,61.7,25,25,869485.3273859117,1584534.5743272223
469001028,모도(조도면),진도군,high,shp,0.23160128071130723,모도(조도면),1,혼합형,68.33007356462711,36.98757356462711,31.3425,18.49378678231356,38.9,9,9,861607.7707852517,1589452.8643819573
469001029,맹골도,진도군,high,shp,0.9955782752442108,맹골도,1,해상지배형,99.26954138686934,67.92704138686933,31.3425,33.96352069343467,95.4,95,95,848567.1979733249,1581073.0284381646
469001030,죽도(조도면),진도군,high,shp,0.2937798465165472,죽도(조도면),1,해상지배형,99.5070360904135,68.16453609041349,31.3425,34.082268045206746,136.1,40,40,847576.6421199143,1582326.1148780761
469001031,곽도,진도군,high,shp,0.17156273693414656,곽도,1,해상지배형,100.95387776948756,69.61137776948755,31.3425,34.80568888474377,134.4,23,23,848803.6322227957,1579345.9612554074
469001032,진목도,진도군,high,shp,0.4144005275377682,진목도,1,혼합형,75.69999579935546,40.12899579935546,35.571,20.06449789967773,48.3,20,20,858181.3492850657,1591944.1570319205
469001033,갈목도,진도군,high,shp,0.17455328281175533,갈목도,1,혼합형,78.03357035456125,42.46257035456125,35.571,21.231285177280625,17.2,3,3,856943.2673223225,1591537.0327597342
469001034,옥도,진도군,high,shp,1.161548022197329,옥도,1,혼합형,61.83212993865531,26.26112993865531,35.571,13.130564969327654,41.4,48,48,863825.7972278517,1596178.031767948
469001035,눌옥도,진도군,high,shp,0.598154451976083,눌옥도,1,혼합형,71.18787687700359,35.616876877003584,35.571,17.808438438501792,26.8,16,16,857696.2113876054,1595987.070757155
469001036,외병도,진도군,high,shp,0.5877933551588751,외병도,1,혼합형,70.82831397049429,35.25731397049429,35.571,17.628656985247144,39.2,23,23,856403.8420188518,1598525.4401847098
469001037,내병도,진도군,high,shp,0.8639675695086391,내병도,1,혼합형,66.09082131544734,30.51982131544735,35.571,15.259910657723674,37.3,32,32,859057.5000269081,1598580.39650688
469001038,가사도,진도군,high,shp,5.431340088970747,가사도,0,육지지배형,49.24143936920454,13.670439369204544,35.571,6.835219684602272,38.1,207,207,866882.7964977847,1610482.417122943
469001039,혈도(가사도리),진도군,high,shp,0.05089384373214603,혈도(가사도리),0,육지지배형,52.36760539482036,16.796605394820357,35.571,8.398302697410179,373.3,19,19,870383.4900951141,1614438.261657537
469001040,주지도,진도군,high,shp,0.5492635036395971,주지도,0,육지지배형,47.06660510707991,11.495605107079909,35.571,5.747802553539954,5.5,3,3,869882.4628215578,1611487.5568639562
469001041,양덕도,진도군,high,shp,0.20394411346194802,양덕도,0,육지지배형,46.70146750984196,11.13046750984196,35.571,5.56523375492098,14.7,3,3,871950.5637140544,1611807.1723616936
469001042,송도,진도군,high,shp,0.07937357851196757,송도,0,육지지배형,52.90053205810307,17.329532058103073,35.571,8.664766029051536,50.4,4,4,871153.470535751,1614845.1028773505
469001043,광대도,진도군,high,shp,0.07948526316438365,광대도,0,육지지배형,54.78413619454516,19.21313619454516,35.571,9.606568097272577,12.6,1,1,871988.39245897,1615853.0053682174
469101001,지도,신안군,high,shp,50.92798053087649,지도,0,육지지배형,50.3115,0.0,50.3115,1.7948172210382995,64.1,3459,3459,883087.0188955977,1675947.392721604
469101002,어의도,신안군,high,shp,1.8477488942442482,어의도,1,육지지배형,89.5318295845055,9.337329584505497,80.1945,4.668664792252748,43.0,80,80,880911.7513234,1683503.979410975
469101003,대포작도,신안군,low,buffer,0.5792684268392398,대포작도,1,육지지배형,62.56850753148776,4.397007531487756,58.1715,2.1985037657438777,36.2,21,21,881984.5597420797,1680822.1584865318
469101004,소포작도,신안군,medium,buffer,0.26167917041460537,소포작도,1,육지지배형,64.78793903391315,6.616439033913152,58.1715,3.308219516956576,7.6,2,2,881995.8736990617,1681973.0403034124
469101005,송도,신안군,high,shp,1.071546029657952,송도,0,육지지배형,50.9265,0.0,50.9265,0.1292014434507907,151.2,211,211,881699.7835836967,1673630.9566275536
469101006,사옥도,신안군,high,shp,12.54909842786157,사옥도,1,육지지배형,55.8045,0.0,55.8045,2.03428525083276,45.5,635,635,878246.2013044452,1672600.866455291
469101007,선도,신안군,high,shp,5.545716538254352,선도,0,육지지배형,45.13645145723408,8.07595145723408,37.0605,4.03797572861704,40.2,223,223,886698.5778567537,1666671.6265884298
469101008,압해도,신안군,high,shp,48.56457444485416,압해도,0,육지지배형,16.9755,0.0,16.9755,0.7553143414247054,111.3,5443,5443,891484.8209986235,1653032.1150141093
469101009,우간도,신안군,high,shp,0.7231240879107436,우간도,0,육지지배형,34.41837321564506,2.69487321564506,31.7235,1.34743660782253,38.8,28,28,894931.107269249,1657414.7900655232
469101010,고이도,신안군,high,shp,6.228872772451779,고이도,0,육지지배형,41.66797534241864,3.807975342418635,37.86,1.9039876712093176,33.3,208,208,888744.3429795894,1662584.596212034
469101011,매화도,신안군,high,shp,6.531338278781071,매화도,0,육지지배형,48.76074938788288,13.405749387882873,35.355000000000004,6.702874693941436,27.3,179,179,884582.8437753909,1659558.944980963
469101012,마산도,신안군,low,buffer,1.5378268835927666,마산도,0,육지지배형,48.75713779913684,10.897137799136834,37.86,5.448568899568417,37.0,57,57,884955.2125316411,1662464.6484067563
469101013,황마도,신안군,low,buffer,0.24929907994097203,황마도,0,육지지배형,46.767512616250144,8.907512616250145,37.86,4.453756308125072,28.0,7,7,886158.2245231024,1661991.2166992994
469101014,가란도,신안군,high,shp,1.391407035353137,가란도,0,육지지배형,12.081,0.0,12.081,2.8419983302286145,76.2,106,106,896412.482188452,1653590.4782830763
469101015,증도,신안군,high,shp,26.447312662962755,증도,1,육지지배형,70.30799999999999,0.0,70.30799999999999,2.823902391972388,50.7,1346,1346,876431.3357604872,1667421.920400998
469101016,화도,신안군,high,shp,0.6321915888542844,화도,1,육지지배형,70.30799999999999,0.0,70.30799999999999,4.850446076532788,112.7,71,71,877829.4260485125,1662612.2422670317
469101017,병풍도,신안군,high,shp,3.001297449966644,병풍도,1,육지지배형,78.27580308452194,7.967803084521947,70.30799999999999,3.983901542260973,72.4,219,219,882119.6733669845,1664486.5879306102
469101018,대기점도,신안군,high,shp,1.522883437588218,대기점도,1,육지지배형,82.04100154446262,11.73300154446262,70.30799999999999,5.86650077223131,28.3,43,43,881379.4814077122,1661783.6355550697
469101019,소기점도,신안군,high,shp,0.5540241975381655,소기점도,1,육지지배형,84.5292502075632,14.221250207563196,70.30799999999999,7.110625103781597,27.1,15,15,881442.396720387,1660485.80115705
469101020,소악도,신안군,high,shp,0.33020320294783534,소악도,1,육지지배형,85.68234420399874,15.374344203998746,70.30799999999999,7.687172101999372,36.4,12,12,880827.441266926,1659726.417477348
469101021,임자도,신안군,high,shp,38.80875806572653,임자도,1,육지지배형,72.984,0.0,72.984,2.065944903973008,75.0,2989,2989,871583.5446649748,1678201.9675980802
469101022,재원도,신안군,high,shp,2.805803631853592,재원도,1,육지지배형,82.37573628842047,9.391736288420478,72.984,4.695868144210239,61.2,172,172,865153.3649411072,1678210.2727545684
469101023,부남도,신안군,high,shp,0.31618211124224677,부남도,1,육지지배형,100.619246920632,27.635246920632017,72.984,13.817623460316009,9.5,3,3,855932.5236476306,1677313.760040679
469101024,수도,신안군,high,shp,1.338743916124425,수도,1,육지지배형,58.3695,0.0,58.3695,2.7859502619488574,41.1,55,55,875942.5516903979,1677811.1537914528
469101025,자은도,신안군,high,shp,42.300211621341184,자은도,1,육지지배형,66.91350000000001,0.0,66.91350000000001,2.55429940753255,43.5,2267,2267,867968.6146043645,1655984.221701631
469101026,비금도,신안군,high,shp,45.815689923117965,비금도,1,섬내자립형,10.0,23.16508856619117,60.4695,11.582544283095585,75.7,3476,3476,857332.3864805987,1641767.0012410448
469101027,수치도,신안군,high,shp,2.5124348543949173,수치도,1,육지지배형,86.79368096959392,15.764180969593903,71.02950000000001,7.882090484796952,53.4,135,135,864596.6988713614,1638864.7063239627
469101028,상수치도,신안군,high,shp,0.9244512121750075,상수치도,1,육지지배형,71.79134569172325,12.233845691723246,59.5575,6.116922845861623,5.4,5,5,864811.2462195329,1641541.1747507632
469101029,도초도,신안군,high,shp,41.972863579113096,도초도,1,육지지배형,100.36204723471678,29.332547234716767,71.02950000000001,14.666273617358383,55.3,2372,2372,859024.8260975985,1634410.098023592
469101030,우이도,신안군,high,shp,9.266663804776258,우이도,1,혼합형,128.12838611349702,56.89038611349702,71.238,28.44519305674851,16.0,157,157,847804.9437065271,1625088.8224452152
469101031,동소우이도,신안군,high,shp,0.44894890224196304,동소우이도,1,혼합형,121.37051190057346,50.13251190057346,71.238,25.06625595028673,40.1,18,18,851631.6187396462,1624956.1711990163
469101032,서소우이도,신안군,high,shp,0.2540399164137559,서소우이도,1,혼합형,123.22580186322652,51.9878018632265,71.238,25.99390093161325,175.5,45,45,850576.3777998062,1624974.3420665676
469101033,대흑산도,신안군,high,shp,21.159249395309395,대흑산도,2,해상지배형,184.97417505226383,111.36617505226386,73.608,55.68308752613193,79.9,1691,1691,809098.7346843542,1632246.4936191689
469101034,장도,신안군,low,buffer,1.365404171915504,장도,2,해상지배형,192.145960873446,118.53796087344594,73.608,59.26898043672297,54.1,74,74,804832.822566048,1633232.1864300177
469101035,영산도,신안군,low,buffer,1.7416990186506764,영산도,2,혼합형,178.56262719812736,104.95462719812734,73.608,52.47731359906367,26.4,46,46,813676.1051364085,1630068.5864803235
469101036,대둔도,신안군,high,shp,2.1019753933490217,대둔도,2,혼합형,172.09092015556524,98.48292015556524,73.608,49.24146007778262,131.8,277,277,813424.4335741275,1639015.574527142
469101037,홍도,신안군,high,shp,6.255474527267535,홍도,2,해상지배형,220.71127904125632,147.10327904125631,73.608,73.55163952062816,69.5,435,435,789122.632718549,1635521.9114754868
469101038,상태도,신안군,high,shp,0.9718062573366016,상태도,2,해상지배형,186.49126252118927,150.92026252118927,35.571,75.46013126059464,79.3,77,77,796801.161272214,1607555.4288547118
469101039,중태도,신안군,high,shp,0.5509391414625755,중태도,2,해상지배형,187.4262713059643,151.8552713059643,35.571,75.92763565298215,21.8,12,12,796324.0449631207,1605744.819250376
469101040,하태도,신안군,low,buffer,1.390663550059299,하태도,2,해상지배형,184.0020488741624,148.43104887416234,35.571,74.21552443708117,79.7,111,111,798187.7088482897,1601483.3348313225
469101041,가거도,신안군,low,buffer,9.642393208498584,가거도,2,해상지배형,236.43462649341896,200.86362649341896,35.571,100.43181324670948,36.6,353,353,779878.9645909315,1566827.40585047
469101042,만재도,신안군,high,shp,0.5921714544515634,만재도,2,해상지배형,163.93576671630376,128.36476671630376,35.571,64.18238335815188,116.6,69,69,813113.6537966724,1581304.6418896632
469101043,다물도,신안군,high,shp,0.6258718465732365,다물도,2,혼합형,174.5817903632535,100.97379036325351,73.608,50.48689518162676,299.5,187,187,811791.9619915695,1640081.5442812538
469101044,하의도,신안군,high,shp,21.416516344903073,하의도,1,육지지배형,102.24131399819632,31.00331399819633,71.238,15.501656999098165,59.9,1284,1284,865610.2259047888,1623557.3714750768
469101045,개도,신안군,high,shp,0.7368843673006195,개도,1,육지지배형,97.6657881518833,26.4277881518833,71.238,13.21389407594165,10.9,8,8,863532.2177966519,1628371.221837574
469101046,장병도,신안군,high,shp,1.1081647615950199,장병도,1,육지지배형,90.64358685024482,19.40558685024481,71.238,9.702793425122405,56.8,63,63,866862.1850134436,1629916.098847542
469101047,문병도,신안군,high,shp,0.16522515462855067,문병도,1,육지지배형,89.99522832737048,18.75722832737048,71.238,9.378614163685238,78.7,13,13,865870.7199348267,1631663.2181798469
469101048,능산도,신안군,high,shp,2.8847065593665313,능산도,1,육지지배형,102.5368897933227,31.2988897933227,71.238,15.649444896661349,14.2,41,41,862477.7017180995,1625894.5673961143
469101049,대야도,신안군,high,shp,3.994789464757552,대야도,1,육지지배형,105.73292888278688,34.49492888278688,71.238,17.24746444139344,10.0,40,40,859193.2146561746,1627499.3227215018
469101050,신도,신안군,high,shp,1.4791482551039257,신도,1,육지지배형,110.30819060169031,39.07019060169032,71.238,19.53509530084516,27.7,41,41,859928.7424981858,1622944.4652591199
469101051,장재도,신안군,high,shp,0.5001684069132365,장재도,1,육지지배형,104.80762620649062,33.56962620649063,71.238,16.784813103245316,30.0,15,15,862752.3317140669,1624070.0456158763
469101052,옥도,신안군,high,shp,1.4000074479970357,옥도,1,육지지배형,83.48775049413125,12.249750494131243,71.238,6.124875247065622,75.7,106,106,869062.1885813349,1632808.1069401682
469101053,상하태도,신안군,high,shp,28.636340339648264,상하태도,1,혼합형,66.63729953919358,31.06629953919357,35.571,15.533149769596784,44.7,1408,1408,868944.5288257647,1621427.371382457
469101054,기도,신안군,high,shp,0.26112400084915244,기도,1,육지지배형,90.65240074843724,19.41440074843725,71.238,9.707200374218624,57.4,15,15,870250.2091780286,1627695.652795056
469101055,평사도,신안군,high,shp,0.33357513287207075,평사도,0,해상지배형,34.11058495883814,21.68308495883814,12.4275,10.84154247941907,96.0,32,32,875717.5297092134,1621414.4025296562
469101056,고사도,신안군,high,shp,0.5412638779268725,고사도,0,해상지배형,31.92750028969985,19.500000289699848,12.4275,9.750000144849924,37.0,20,20,876237.7855639576,1619970.5501990113
469101057,장산도,신안군,high,shp,25.89578625708628,장산도,1,육지지배형,88.81228337651879,17.574283376518792,71.238,8.787141688259396,52.7,1362,1362,876696.7964635285,1628471.7000747689
469101058,백야도,신안군,high,shp,0.18787547240177224,백야도,0,육지지배형,56.51065821116795,16.01815821116795,40.4925,8.009079105583975,85.2,16,16,879307.0659867653,1625292.2844298114
469101059,막금도,신안군,high,shp,0.7707176799405429,막금도,1,육지지배형,92.57552199336416,21.337521993364145,71.238,10.668760996682073,20.8,16,16,873195.3489624956,1626095.6664482981
469101060,마진도,신안군,high,shp,0.9003378452845036,마진도,0,육지지배형,52.01370130433645,11.521201304336453,40.4925,5.760600652168226,71.7,63,63,881463.9053151286,1625960.5190858329
469101061,율도(장산면),신안군,high,shp,0.3875724133184669,율도(장산면),0,혼합형,26.4574431007134,14.029943100713396,12.4275,7.014971550356698,41.3,16,16,880299.0493183121,1621219.6995079992
469101062,안좌도,신안군,high,shp,47.25705542231075,안좌도,1,육지지배형,66.4365,0.0,66.4365,1.9289218163893225,57.5,2783,2783,874217.5518950092,1638998.1889882265
469101063,요력도,신안군,high,shp,0.15188245079969528,요력도,1,육지지배형,83.76575238396137,12.527752383961372,71.238,6.263876191980686,13.2,2,2,879899.3232898745,1637942.4630078413
469101064,자라도,신안군,high,shp,4.712825587709165,자라도,1,육지지배형,71.238,0.0,71.238,6.389954197300135,71.4,336,336,879383.712432584,1633734.573186008
469101065,부소도,신안군,high,shp,0.7601707739921328,부소도,1,육지지배형,71.238,0.0,71.238,3.3061869016565395,31.8,24,24,875606.8248343328,1634014.4793250114
469101066,박지도,신안군,high,shp,1.0915747160805227,박지도,1,육지지배형,71.238,0.0,71.238,1.1951446575456774,28.0,31,31,874395.176244229,1635743.959063287
469101067,반월도,신안군,high,shp,1.9040955984315837,반월도,1,육지지배형,71.238,0.0,71.238,2.057285579079348,68.3,130,130,872158.4388835772,1635446.4060576318
469101068,사치도,신안군,high,shp,0.7580022430678488,사치도,1,육지지배형,79.9140178492796,8.884517849279584,71.02950000000001,4.442258924639792,106.5,81,81,867809.1984156477,1640636.221082989
469101069,팔금도,신안군,high,shp,16.26652764193715,팔금도,1,육지지배형,58.146,0.0,58.146,0.6257995414547202,51.5,880,880,875297.0650322362,1644053.8830640055
469101070,매도,신안군,high,shp,0.35085309612166393,매도,1,육지지배형,63.294,0.0,63.294,1.1062391184942917,62.9,22,22,877163.3184405655,1647776.125164868
469101071,암태도,신안군,high,shp,36.89953626658639,암태도,1,섬내자립형,50.08564583333333,0.0,54.42,3.463669715483225,43.5,1610,1610,872878.6900821504,1650505.4370640654
469101072,추포도,신안군,medium,buffer,3.3363345432072284,추포도,1,육지지배형,59.4555,0.0,59.4555,1.034420319818078,34.1,114,114,868415.7400530641,1647458.2831441741
469101073,당사도,신안군,high,shp,1.3482035682609195,당사도,1,육지지배형,82.64635908410334,19.352359084103337,63.294,9.676179542051669,139.4,188,188,879523.501299549,1656020.1748134228
469101074,초란도,신안군,high,shp,0.24767732951318103,초란도,1,육지지배형,79.64932883285076,16.355328832850766,63.294,8.177664416425383,32.6,8,8,878194.276001932,1654799.1156121597
469101075,율도(지도읍),신안군,high,shp,0.2849834772347013,율도(지도읍),1,육지지배형,58.55369194264368,4.712691942643681,53.841,2.3563459713218404,3.5,1,1,884102.4789476327,1667898.2764032155
469101076,노대도,신안군,high,shp,0.48345972409509597,노대도,1,육지지배형,67.63707324574924,8.079573245749238,59.5575,4.039786622874619,6.2,3,3,865841.8836080225,1643580.9867180926
469101077,진섬,신안군,high,shp,0.23931191684386607,진섬,1,육지지배형,87.41716171573327,17.109161715733276,70.30799999999999,8.554580857866638,46.0,11,11,880966.202987169,1658869.3376776886
469101078,외안도,신안군,high,shp,0.18608463079417145,외안도,0,육지지배형,18.259587926861503,2.725587926861501,15.534,1.3627939634307504,10.7,2,2,890848.3502029562,1650228.1218124188
469101079,역도,신안군,high,shp,0.2697386555469378,역도,1,육지지배형,78.61027938961924,15.316279389619242,63.294,7.658139694809622,14.8,4,4,882871.3987556836,1651351.6932600006
469101080,용출도,신안군,high,shp,0.1716143529899242,용출도,0,혼합형,8.917144354879508,4.4186443548795085,4.4985,2.2093221774397542,11.7,2,2,893691.7267426964,1647052.8796186203
469101081,소단도,신안군,high,shp,0.00469455896950344,소단도,1,육지지배형,71.58449999999999,0.0,71.58449999999999,7.065995070194061,381.0,4,4,872081.7311855679,1668191.7962091954
